image_id,filename,category_id,category_folder,image_type,is_ai,label_size_pct,label_position,label_type,source_url,ai_tool,feed_caption,feed_source_tag
cat01_001,cat01_real.jpg,cat01,cat01_avengers,real,False,0,none,none,https://www.imdb.com/title/tt0848228/mediaindex/,ideogram.ai,Marvel's Avengers cast and crew gather at the New York Stock Exchange for the film's official launch event. The film went on to gross over $1.5 billion worldwide.,@Marvel
cat01_002,cat01_ai_nolabel.jpg,cat01,cat01_avengers,ai,True,0,none,none,none,ideogram.ai,Marvel's Avengers cast and crew gather at the New York Stock Exchange for the film's official launch event. The film went on to gross over $1.5 billion worldwide.,@Marvel
cat01_003,cat01_ai_0.1pct_topleft.jpg,cat01,cat01_avengers,ai_labeled,True,0.1,topleft,text,none,ideogram.ai,Marvel's Avengers cast and crew gather at the New York Stock Exchange for the film's official launch event. The film went on to gross over $1.5 billion worldwide.,@Marvel
cat01_004,cat01_ai_0.1pct_topright.jpg,cat01,cat01_avengers,ai_labeled,True,0.1,topright,text,none,ideogram.ai,Marvel's Avengers cast and crew gather at the New York Stock Exchange for the film's official launch event. The film went on to gross over $1.5 billion worldwide.,@Marvel
cat01_005,cat01_ai_0.1pct_bottomleft.jpg,cat01,cat01_avengers,ai_labeled,True,0.1,bottomleft,text,none,ideogram.ai,Marvel's Avengers cast and crew gather at the New York Stock Exchange for the film's official launch event. The film went on to gross over $1.5 billion worldwide.,@Marvel
cat01_006,cat01_ai_0.1pct_bottomright.jpg,cat01,cat01_avengers,ai_labeled,True,0.1,bottomright,text,none,ideogram.ai,Marvel's Avengers cast and crew gather at the New York Stock Exchange for the film's official launch event. The film went on to gross over $1.5 billion worldwide.,@Marvel
cat01_007,cat01_ai_0.25pct_topleft.jpg,cat01,cat01_avengers,ai_labeled,True,0.25,topleft,text,none,ideogram.ai,Marvel's Avengers cast and crew gather at the New York Stock Exchange for the film's official launch event. The film went on to gross over $1.5 billion worldwide.,@Marvel
cat01_008,cat01_ai_0.25pct_topright.jpg,cat01,cat01_avengers,ai_labeled,True,0.25,topright,text,none,ideogram.ai,Marvel's Avengers cast and crew gather at the New York Stock Exchange for the film's official launch event. The film went on to gross over $1.5 billion worldwide.,@Marvel
cat01_009,cat01_ai_0.25pct_bottomleft.jpg,cat01,cat01_avengers,ai_labeled,True,0.25,bottomleft,text,none,ideogram.ai,Marvel's Avengers cast and crew gather at the New York Stock Exchange for the film's official launch event. The film went on to gross over $1.5 billion worldwide.,@Marvel
cat01_010,cat01_ai_0.25pct_bottomright.jpg,cat01,cat01_avengers,ai_labeled,True,0.25,bottomright,text,none,ideogram.ai,Marvel's Avengers cast and crew gather at the New York Stock Exchange for the film's official launch event. The film went on to gross over $1.5 billion worldwide.,@Marvel
cat01_011,cat01_ai_0.5pct_topleft.jpg,cat01,cat01_avengers,ai_labeled,True,0.5,topleft,text,none,ideogram.ai,Marvel's Avengers cast and crew gather at the New York Stock Exchange for the film's official launch event. The film went on to gross over $1.5 billion worldwide.,@Marvel
cat01_012,cat01_ai_0.5pct_topright.jpg,cat01,cat01_avengers,ai_labeled,True,0.5,topright,text,none,ideogram.ai,Marvel's Avengers cast and crew gather at the New York Stock Exchange for the film's official launch event. The film went on to gross over $1.5 billion worldwide.,@Marvel
cat01_013,cat01_ai_0.5pct_bottomleft.jpg,cat01,cat01_avengers,ai_labeled,True,0.5,bottomleft,text,none,ideogram.ai,Marvel's Avengers cast and crew gather at the New York Stock Exchange for the film's official launch event. The film went on to gross over $1.5 billion worldwide.,@Marvel
cat01_014,cat01_ai_0.5pct_bottomright.jpg,cat01,cat01_avengers,ai_labeled,True,0.5,bottomright,text,none,ideogram.ai,Marvel's Avengers cast and crew gather at the New York Stock Exchange for the film's official launch event. The film went on to gross over $1.5 billion worldwide.,@Marvel
cat01_015,cat01_ai_1pct_topleft.jpg,cat01,cat01_avengers,ai_labeled,True,1.0,topleft,text,none,ideogram.ai,Marvel's Avengers cast and crew gather at the New York Stock Exchange for the film's official launch event. The film went on to gross over $1.5 billion worldwide.,@Marvel
cat01_016,cat01_ai_1pct_topright.jpg,cat01,cat01_avengers,ai_labeled,True,1.0,topright,text,none,ideogram.ai,Marvel's Avengers cast and crew gather at the New York Stock Exchange for the film's official launch event. The film went on to gross over $1.5 billion worldwide.,@Marvel
cat01_017,cat01_ai_1pct_bottomleft.jpg,cat01,cat01_avengers,ai_labeled,True,1.0,bottomleft,text,none,ideogram.ai,Marvel's Avengers cast and crew gather at the New York Stock Exchange for the film's official launch event. The film went on to gross over $1.5 billion worldwide.,@Marvel
cat01_018,cat01_ai_1pct_bottomright.jpg,cat01,cat01_avengers,ai_labeled,True,1.0,bottomright,text,none,ideogram.ai,Marvel's Avengers cast and crew gather at the New York Stock Exchange for the film's official launch event. The film went on to gross over $1.5 billion worldwide.,@Marvel
cat01_019,cat01_ai_1.5pct_topleft.jpg,cat01,cat01_avengers,ai_labeled,True,1.5,topleft,text,none,ideogram.ai,Marvel's Avengers cast and crew gather at the New York Stock Exchange for the film's official launch event. The film went on to gross over $1.5 billion worldwide.,@Marvel
cat01_020,cat01_ai_1.5pct_topright.jpg,cat01,cat01_avengers,ai_labeled,True,1.5,topright,text,none,ideogram.ai,Marvel's Avengers cast and crew gather at the New York Stock Exchange for the film's official launch event. The film went on to gross over $1.5 billion worldwide.,@Marvel
cat01_021,cat01_ai_1.5pct_bottomleft.jpg,cat01,cat01_avengers,ai_labeled,True,1.5,bottomleft,text,none,ideogram.ai,Marvel's Avengers cast and crew gather at the New York Stock Exchange for the film's official launch event. The film went on to gross over $1.5 billion worldwide.,@Marvel
cat01_022,cat01_ai_1.5pct_bottomright.jpg,cat01,cat01_avengers,ai_labeled,True,1.5,bottomright,text,none,ideogram.ai,Marvel's Avengers cast and crew gather at the New York Stock Exchange for the film's official launch event. The film went on to gross over $1.5 billion worldwide.,@Marvel
cat02_001,cat02_real.jpg,cat02,cat02_chakde,real,False,0,none,none,https://www.yashrajfilms.com/movies/chak-de-india,ideogram.ai,"The Indian women's hockey team stands together before an important match, holding hockey sticks and looking determined. Promotional still from Chak De! India, Yash Raj Films, 2007.",@YashRajFilms
cat02_002,cat02_ai_nolabel.jpg,cat02,cat02_chakde,ai,True,0,none,none,none,ideogram.ai,"The Indian women's hockey team stands together before an important match, holding hockey sticks and looking determined. Promotional still from Chak De! India, Yash Raj Films, 2007.",@YashRajFilms
cat02_003,cat02_ai_0.1pct_topleft.jpg,cat02,cat02_chakde,ai_labeled,True,0.1,topleft,text,none,ideogram.ai,"The Indian women's hockey team stands together before an important match, holding hockey sticks and looking determined. Promotional still from Chak De! India, Yash Raj Films, 2007.",@YashRajFilms
cat02_004,cat02_ai_0.1pct_topright.jpg,cat02,cat02_chakde,ai_labeled,True,0.1,topright,text,none,ideogram.ai,"The Indian women's hockey team stands together before an important match, holding hockey sticks and looking determined. Promotional still from Chak De! India, Yash Raj Films, 2007.",@YashRajFilms
cat02_005,cat02_ai_0.1pct_bottomleft.jpg,cat02,cat02_chakde,ai_labeled,True,0.1,bottomleft,text,none,ideogram.ai,"The Indian women's hockey team stands together before an important match, holding hockey sticks and looking determined. Promotional still from Chak De! India, Yash Raj Films, 2007.",@YashRajFilms
cat02_006,cat02_ai_0.1pct_bottomright.jpg,cat02,cat02_chakde,ai_labeled,True,0.1,bottomright,text,none,ideogram.ai,"The Indian women's hockey team stands together before an important match, holding hockey sticks and looking determined. Promotional still from Chak De! India, Yash Raj Films, 2007.",@YashRajFilms
cat02_007,cat02_ai_0.25pct_topleft.jpg,cat02,cat02_chakde,ai_labeled,True,0.25,topleft,text,none,ideogram.ai,"The Indian women's hockey team stands together before an important match, holding hockey sticks and looking determined. Promotional still from Chak De! India, Yash Raj Films, 2007.",@YashRajFilms
cat02_008,cat02_ai_0.25pct_topright.jpg,cat02,cat02_chakde,ai_labeled,True,0.25,topright,text,none,ideogram.ai,"The Indian women's hockey team stands together before an important match, holding hockey sticks and looking determined. Promotional still from Chak De! India, Yash Raj Films, 2007.",@YashRajFilms
cat02_009,cat02_ai_0.25pct_bottomleft.jpg,cat02,cat02_chakde,ai_labeled,True,0.25,bottomleft,text,none,ideogram.ai,"The Indian women's hockey team stands together before an important match, holding hockey sticks and looking determined. Promotional still from Chak De! India, Yash Raj Films, 2007.",@YashRajFilms
cat02_010,cat02_ai_0.25pct_bottomright.jpg,cat02,cat02_chakde,ai_labeled,True,0.25,bottomright,text,none,ideogram.ai,"The Indian women's hockey team stands together before an important match, holding hockey sticks and looking determined. Promotional still from Chak De! India, Yash Raj Films, 2007.",@YashRajFilms
cat02_011,cat02_ai_0.5pct_topleft.jpg,cat02,cat02_chakde,ai_labeled,True,0.5,topleft,text,none,ideogram.ai,"The Indian women's hockey team stands together before an important match, holding hockey sticks and looking determined. Promotional still from Chak De! India, Yash Raj Films, 2007.",@YashRajFilms
cat02_012,cat02_ai_0.5pct_topright.jpg,cat02,cat02_chakde,ai_labeled,True,0.5,topright,text,none,ideogram.ai,"The Indian women's hockey team stands together before an important match, holding hockey sticks and looking determined. Promotional still from Chak De! India, Yash Raj Films, 2007.",@YashRajFilms
cat02_013,cat02_ai_0.5pct_bottomleft.jpg,cat02,cat02_chakde,ai_labeled,True,0.5,bottomleft,text,none,ideogram.ai,"The Indian women's hockey team stands together before an important match, holding hockey sticks and looking determined. Promotional still from Chak De! India, Yash Raj Films, 2007.",@YashRajFilms
cat02_014,cat02_ai_0.5pct_bottomright.jpg,cat02,cat02_chakde,ai_labeled,True,0.5,bottomright,text,none,ideogram.ai,"The Indian women's hockey team stands together before an important match, holding hockey sticks and looking determined. Promotional still from Chak De! India, Yash Raj Films, 2007.",@YashRajFilms
cat02_015,cat02_ai_1pct_topleft.jpg,cat02,cat02_chakde,ai_labeled,True,1.0,topleft,text,none,ideogram.ai,"The Indian women's hockey team stands together before an important match, holding hockey sticks and looking determined. Promotional still from Chak De! India, Yash Raj Films, 2007.",@YashRajFilms
cat02_016,cat02_ai_1pct_topright.jpg,cat02,cat02_chakde,ai_labeled,True,1.0,topright,text,none,ideogram.ai,"The Indian women's hockey team stands together before an important match, holding hockey sticks and looking determined. Promotional still from Chak De! India, Yash Raj Films, 2007.",@YashRajFilms
cat02_017,cat02_ai_1pct_bottomleft.jpg,cat02,cat02_chakde,ai_labeled,True,1.0,bottomleft,text,none,ideogram.ai,"The Indian women's hockey team stands together before an important match, holding hockey sticks and looking determined. Promotional still from Chak De! India, Yash Raj Films, 2007.",@YashRajFilms
cat02_018,cat02_ai_1pct_bottomright.jpg,cat02,cat02_chakde,ai_labeled,True,1.0,bottomright,text,none,ideogram.ai,"The Indian women's hockey team stands together before an important match, holding hockey sticks and looking determined. Promotional still from Chak De! India, Yash Raj Films, 2007.",@YashRajFilms
cat02_019,cat02_ai_1.5pct_topleft.jpg,cat02,cat02_chakde,ai_labeled,True,1.5,topleft,text,none,ideogram.ai,"The Indian women's hockey team stands together before an important match, holding hockey sticks and looking determined. Promotional still from Chak De! India, Yash Raj Films, 2007.",@YashRajFilms
cat02_020,cat02_ai_1.5pct_topright.jpg,cat02,cat02_chakde,ai_labeled,True,1.5,topright,text,none,ideogram.ai,"The Indian women's hockey team stands together before an important match, holding hockey sticks and looking determined. Promotional still from Chak De! India, Yash Raj Films, 2007.",@YashRajFilms
cat02_021,cat02_ai_1.5pct_bottomleft.jpg,cat02,cat02_chakde,ai_labeled,True,1.5,bottomleft,text,none,ideogram.ai,"The Indian women's hockey team stands together before an important match, holding hockey sticks and looking determined. Promotional still from Chak De! India, Yash Raj Films, 2007.",@YashRajFilms
cat02_022,cat02_ai_1.5pct_bottomright.jpg,cat02,cat02_chakde,ai_labeled,True,1.5,bottomright,text,none,ideogram.ai,"The Indian women's hockey team stands together before an important match, holding hockey sticks and looking determined. Promotional still from Chak De! India, Yash Raj Films, 2007.",@YashRajFilms
cat03_001,cat03_real.jpg,cat03,cat03_cricket_t20wc,real,False,0,none,none,https://www.espncricinfo.com/series/icc-men-s-t20-world-cup-2024-1411166/photo,ideogram.ai,India lifts the ICC Men's T20 World Cup 2024 in Barbados — ending an 11-year wait for an ICC trophy. The team beat South Africa by 7 runs in the final.,@BCCI
cat03_002,cat03_ai_nolabel.jpg,cat03,cat03_cricket_t20wc,ai,True,0,none,none,none,ideogram.ai,India lifts the ICC Men's T20 World Cup 2024 in Barbados — ending an 11-year wait for an ICC trophy. The team beat South Africa by 7 runs in the final.,@BCCI
cat03_003,cat03_ai_0.1pct_topleft.jpg,cat03,cat03_cricket_t20wc,ai_labeled,True,0.1,topleft,text,none,ideogram.ai,India lifts the ICC Men's T20 World Cup 2024 in Barbados — ending an 11-year wait for an ICC trophy. The team beat South Africa by 7 runs in the final.,@BCCI
cat03_004,cat03_ai_0.1pct_topright.jpg,cat03,cat03_cricket_t20wc,ai_labeled,True,0.1,topright,text,none,ideogram.ai,India lifts the ICC Men's T20 World Cup 2024 in Barbados — ending an 11-year wait for an ICC trophy. The team beat South Africa by 7 runs in the final.,@BCCI
cat03_005,cat03_ai_0.1pct_bottomleft.jpg,cat03,cat03_cricket_t20wc,ai_labeled,True,0.1,bottomleft,text,none,ideogram.ai,India lifts the ICC Men's T20 World Cup 2024 in Barbados — ending an 11-year wait for an ICC trophy. The team beat South Africa by 7 runs in the final.,@BCCI
cat03_006,cat03_ai_0.1pct_bottomright.jpg,cat03,cat03_cricket_t20wc,ai_labeled,True,0.1,bottomright,text,none,ideogram.ai,India lifts the ICC Men's T20 World Cup 2024 in Barbados — ending an 11-year wait for an ICC trophy. The team beat South Africa by 7 runs in the final.,@BCCI
cat03_007,cat03_ai_0.25pct_topleft.jpg,cat03,cat03_cricket_t20wc,ai_labeled,True,0.25,topleft,text,none,ideogram.ai,India lifts the ICC Men's T20 World Cup 2024 in Barbados — ending an 11-year wait for an ICC trophy. The team beat South Africa by 7 runs in the final.,@BCCI
cat03_008,cat03_ai_0.25pct_topright.jpg,cat03,cat03_cricket_t20wc,ai_labeled,True,0.25,topright,text,none,ideogram.ai,India lifts the ICC Men's T20 World Cup 2024 in Barbados — ending an 11-year wait for an ICC trophy. The team beat South Africa by 7 runs in the final.,@BCCI
cat03_009,cat03_ai_0.25pct_bottomleft.jpg,cat03,cat03_cricket_t20wc,ai_labeled,True,0.25,bottomleft,text,none,ideogram.ai,India lifts the ICC Men's T20 World Cup 2024 in Barbados — ending an 11-year wait for an ICC trophy. The team beat South Africa by 7 runs in the final.,@BCCI
cat03_010,cat03_ai_0.25pct_bottomright.jpg,cat03,cat03_cricket_t20wc,ai_labeled,True,0.25,bottomright,text,none,ideogram.ai,India lifts the ICC Men's T20 World Cup 2024 in Barbados — ending an 11-year wait for an ICC trophy. The team beat South Africa by 7 runs in the final.,@BCCI
cat03_011,cat03_ai_0.5pct_topleft.jpg,cat03,cat03_cricket_t20wc,ai_labeled,True,0.5,topleft,text,none,ideogram.ai,India lifts the ICC Men's T20 World Cup 2024 in Barbados — ending an 11-year wait for an ICC trophy. The team beat South Africa by 7 runs in the final.,@BCCI
cat03_012,cat03_ai_0.5pct_topright.jpg,cat03,cat03_cricket_t20wc,ai_labeled,True,0.5,topright,text,none,ideogram.ai,India lifts the ICC Men's T20 World Cup 2024 in Barbados — ending an 11-year wait for an ICC trophy. The team beat South Africa by 7 runs in the final.,@BCCI
cat03_013,cat03_ai_0.5pct_bottomleft.jpg,cat03,cat03_cricket_t20wc,ai_labeled,True,0.5,bottomleft,text,none,ideogram.ai,India lifts the ICC Men's T20 World Cup 2024 in Barbados — ending an 11-year wait for an ICC trophy. The team beat South Africa by 7 runs in the final.,@BCCI
cat03_014,cat03_ai_0.5pct_bottomright.jpg,cat03,cat03_cricket_t20wc,ai_labeled,True,0.5,bottomright,text,none,ideogram.ai,India lifts the ICC Men's T20 World Cup 2024 in Barbados — ending an 11-year wait for an ICC trophy. The team beat South Africa by 7 runs in the final.,@BCCI
cat03_015,cat03_ai_1pct_topleft.jpg,cat03,cat03_cricket_t20wc,ai_labeled,True,1.0,topleft,text,none,ideogram.ai,India lifts the ICC Men's T20 World Cup 2024 in Barbados — ending an 11-year wait for an ICC trophy. The team beat South Africa by 7 runs in the final.,@BCCI
cat03_016,cat03_ai_1pct_topright.jpg,cat03,cat03_cricket_t20wc,ai_labeled,True,1.0,topright,text,none,ideogram.ai,India lifts the ICC Men's T20 World Cup 2024 in Barbados — ending an 11-year wait for an ICC trophy. The team beat South Africa by 7 runs in the final.,@BCCI
cat03_017,cat03_ai_1pct_bottomleft.jpg,cat03,cat03_cricket_t20wc,ai_labeled,True,1.0,bottomleft,text,none,ideogram.ai,India lifts the ICC Men's T20 World Cup 2024 in Barbados — ending an 11-year wait for an ICC trophy. The team beat South Africa by 7 runs in the final.,@BCCI
cat03_018,cat03_ai_1pct_bottomright.jpg,cat03,cat03_cricket_t20wc,ai_labeled,True,1.0,bottomright,text,none,ideogram.ai,India lifts the ICC Men's T20 World Cup 2024 in Barbados — ending an 11-year wait for an ICC trophy. The team beat South Africa by 7 runs in the final.,@BCCI
cat03_019,cat03_ai_1.5pct_topleft.jpg,cat03,cat03_cricket_t20wc,ai_labeled,True,1.5,topleft,text,none,ideogram.ai,India lifts the ICC Men's T20 World Cup 2024 in Barbados — ending an 11-year wait for an ICC trophy. The team beat South Africa by 7 runs in the final.,@BCCI
cat03_020,cat03_ai_1.5pct_topright.jpg,cat03,cat03_cricket_t20wc,ai_labeled,True,1.5,topright,text,none,ideogram.ai,India lifts the ICC Men's T20 World Cup 2024 in Barbados — ending an 11-year wait for an ICC trophy. The team beat South Africa by 7 runs in the final.,@BCCI
cat03_021,cat03_ai_1.5pct_bottomleft.jpg,cat03,cat03_cricket_t20wc,ai_labeled,True,1.5,bottomleft,text,none,ideogram.ai,India lifts the ICC Men's T20 World Cup 2024 in Barbados — ending an 11-year wait for an ICC trophy. The team beat South Africa by 7 runs in the final.,@BCCI
cat03_022,cat03_ai_1.5pct_bottomright.jpg,cat03,cat03_cricket_t20wc,ai_labeled,True,1.5,bottomright,text,none,ideogram.ai,India lifts the ICC Men's T20 World Cup 2024 in Barbados — ending an 11-year wait for an ICC trophy. The team beat South Africa by 7 runs in the final.,@BCCI
cat04_001,cat04_real.jpg,cat04,cat04_f1_mclaren,real,False,0,none,none,https://www.gettyimages.in/photos/lando-norris-mclaren-celebration,ideogram.ai,Lando Norris and the McLaren team celebrate after a stunning race victory. The 2024 season saw McLaren return to the top of Formula 1 after years of rebuilding.,@McLarenF1
cat04_002,cat04_ai_nolabel.jpg,cat04,cat04_f1_mclaren,ai,True,0,none,none,none,ideogram.ai,Lando Norris and the McLaren team celebrate after a stunning race victory. The 2024 season saw McLaren return to the top of Formula 1 after years of rebuilding.,@McLarenF1
cat04_003,cat04_ai_0.1pct_topleft.jpg,cat04,cat04_f1_mclaren,ai_labeled,True,0.1,topleft,text,none,ideogram.ai,Lando Norris and the McLaren team celebrate after a stunning race victory. The 2024 season saw McLaren return to the top of Formula 1 after years of rebuilding.,@McLarenF1
cat04_004,cat04_ai_0.1pct_topright.jpg,cat04,cat04_f1_mclaren,ai_labeled,True,0.1,topright,text,none,ideogram.ai,Lando Norris and the McLaren team celebrate after a stunning race victory. The 2024 season saw McLaren return to the top of Formula 1 after years of rebuilding.,@McLarenF1
cat04_005,cat04_ai_0.1pct_bottomleft.jpg,cat04,cat04_f1_mclaren,ai_labeled,True,0.1,bottomleft,text,none,ideogram.ai,Lando Norris and the McLaren team celebrate after a stunning race victory. The 2024 season saw McLaren return to the top of Formula 1 after years of rebuilding.,@McLarenF1
cat04_006,cat04_ai_0.1pct_bottomright.jpg,cat04,cat04_f1_mclaren,ai_labeled,True,0.1,bottomright,text,none,ideogram.ai,Lando Norris and the McLaren team celebrate after a stunning race victory. The 2024 season saw McLaren return to the top of Formula 1 after years of rebuilding.,@McLarenF1
cat04_007,cat04_ai_0.25pct_topleft.jpg,cat04,cat04_f1_mclaren,ai_labeled,True,0.25,topleft,text,none,ideogram.ai,Lando Norris and the McLaren team celebrate after a stunning race victory. The 2024 season saw McLaren return to the top of Formula 1 after years of rebuilding.,@McLarenF1
cat04_008,cat04_ai_0.25pct_topright.jpg,cat04,cat04_f1_mclaren,ai_labeled,True,0.25,topright,text,none,ideogram.ai,Lando Norris and the McLaren team celebrate after a stunning race victory. The 2024 season saw McLaren return to the top of Formula 1 after years of rebuilding.,@McLarenF1
cat04_009,cat04_ai_0.25pct_bottomleft.jpg,cat04,cat04_f1_mclaren,ai_labeled,True,0.25,bottomleft,text,none,ideogram.ai,Lando Norris and the McLaren team celebrate after a stunning race victory. The 2024 season saw McLaren return to the top of Formula 1 after years of rebuilding.,@McLarenF1
cat04_010,cat04_ai_0.25pct_bottomright.jpg,cat04,cat04_f1_mclaren,ai_labeled,True,0.25,bottomright,text,none,ideogram.ai,Lando Norris and the McLaren team celebrate after a stunning race victory. The 2024 season saw McLaren return to the top of Formula 1 after years of rebuilding.,@McLarenF1
cat04_011,cat04_ai_0.5pct_topleft.jpg,cat04,cat04_f1_mclaren,ai_labeled,True,0.5,topleft,text,none,ideogram.ai,Lando Norris and the McLaren team celebrate after a stunning race victory. The 2024 season saw McLaren return to the top of Formula 1 after years of rebuilding.,@McLarenF1
cat04_012,cat04_ai_0.5pct_topright.jpg,cat04,cat04_f1_mclaren,ai_labeled,True,0.5,topright,text,none,ideogram.ai,Lando Norris and the McLaren team celebrate after a stunning race victory. The 2024 season saw McLaren return to the top of Formula 1 after years of rebuilding.,@McLarenF1
cat04_013,cat04_ai_0.5pct_bottomleft.jpg,cat04,cat04_f1_mclaren,ai_labeled,True,0.5,bottomleft,text,none,ideogram.ai,Lando Norris and the McLaren team celebrate after a stunning race victory. The 2024 season saw McLaren return to the top of Formula 1 after years of rebuilding.,@McLarenF1
cat04_014,cat04_ai_0.5pct_bottomright.jpg,cat04,cat04_f1_mclaren,ai_labeled,True,0.5,bottomright,text,none,ideogram.ai,Lando Norris and the McLaren team celebrate after a stunning race victory. The 2024 season saw McLaren return to the top of Formula 1 after years of rebuilding.,@McLarenF1
cat04_015,cat04_ai_1pct_topleft.jpg,cat04,cat04_f1_mclaren,ai_labeled,True,1.0,topleft,text,none,ideogram.ai,Lando Norris and the McLaren team celebrate after a stunning race victory. The 2024 season saw McLaren return to the top of Formula 1 after years of rebuilding.,@McLarenF1
cat04_016,cat04_ai_1pct_topright.jpg,cat04,cat04_f1_mclaren,ai_labeled,True,1.0,topright,text,none,ideogram.ai,Lando Norris and the McLaren team celebrate after a stunning race victory. The 2024 season saw McLaren return to the top of Formula 1 after years of rebuilding.,@McLarenF1
cat04_017,cat04_ai_1pct_bottomleft.jpg,cat04,cat04_f1_mclaren,ai_labeled,True,1.0,bottomleft,text,none,ideogram.ai,Lando Norris and the McLaren team celebrate after a stunning race victory. The 2024 season saw McLaren return to the top of Formula 1 after years of rebuilding.,@McLarenF1
cat04_018,cat04_ai_1pct_bottomright.jpg,cat04,cat04_f1_mclaren,ai_labeled,True,1.0,bottomright,text,none,ideogram.ai,Lando Norris and the McLaren team celebrate after a stunning race victory. The 2024 season saw McLaren return to the top of Formula 1 after years of rebuilding.,@McLarenF1
cat04_019,cat04_ai_1.5pct_topleft.jpg,cat04,cat04_f1_mclaren,ai_labeled,True,1.5,topleft,text,none,ideogram.ai,Lando Norris and the McLaren team celebrate after a stunning race victory. The 2024 season saw McLaren return to the top of Formula 1 after years of rebuilding.,@McLarenF1
cat04_020,cat04_ai_1.5pct_topright.jpg,cat04,cat04_f1_mclaren,ai_labeled,True,1.5,topright,text,none,ideogram.ai,Lando Norris and the McLaren team celebrate after a stunning race victory. The 2024 season saw McLaren return to the top of Formula 1 after years of rebuilding.,@McLarenF1
cat04_021,cat04_ai_1.5pct_bottomleft.jpg,cat04,cat04_f1_mclaren,ai_labeled,True,1.5,bottomleft,text,none,ideogram.ai,Lando Norris and the McLaren team celebrate after a stunning race victory. The 2024 season saw McLaren return to the top of Formula 1 after years of rebuilding.,@McLarenF1
cat04_022,cat04_ai_1.5pct_bottomright.jpg,cat04,cat04_f1_mclaren,ai_labeled,True,1.5,bottomright,text,none,ideogram.ai,Lando Norris and the McLaren team celebrate after a stunning race victory. The 2024 season saw McLaren return to the top of Formula 1 after years of rebuilding.,@McLarenF1
cat05_001,cat05_real.jpg,cat05,cat05_znmd,real,False,0,none,none,https://www.imdb.com/title/tt1562872/mediaindex/,ideogram.ai,"Three friends run with the bulls through the streets of Pamplona, Spain. A still from Zindagi Na Milegi Dobara — one of Bollywood's most-loved travel films.",@ExcelEntertainment
cat05_002,cat05_ai_nolabel.jpg,cat05,cat05_znmd,ai,True,0,none,none,none,ideogram.ai,"Three friends run with the bulls through the streets of Pamplona, Spain. A still from Zindagi Na Milegi Dobara — one of Bollywood's most-loved travel films.",@ExcelEntertainment
cat05_003,cat05_ai_0.1pct_topleft.jpg,cat05,cat05_znmd,ai_labeled,True,0.1,topleft,text,none,ideogram.ai,"Three friends run with the bulls through the streets of Pamplona, Spain. A still from Zindagi Na Milegi Dobara — one of Bollywood's most-loved travel films.",@ExcelEntertainment
cat05_004,cat05_ai_0.1pct_topright.jpg,cat05,cat05_znmd,ai_labeled,True,0.1,topright,text,none,ideogram.ai,"Three friends run with the bulls through the streets of Pamplona, Spain. A still from Zindagi Na Milegi Dobara — one of Bollywood's most-loved travel films.",@ExcelEntertainment
cat05_005,cat05_ai_0.1pct_bottomleft.jpg,cat05,cat05_znmd,ai_labeled,True,0.1,bottomleft,text,none,ideogram.ai,"Three friends run with the bulls through the streets of Pamplona, Spain. A still from Zindagi Na Milegi Dobara — one of Bollywood's most-loved travel films.",@ExcelEntertainment
cat05_006,cat05_ai_0.1pct_bottomright.jpg,cat05,cat05_znmd,ai_labeled,True,0.1,bottomright,text,none,ideogram.ai,"Three friends run with the bulls through the streets of Pamplona, Spain. A still from Zindagi Na Milegi Dobara — one of Bollywood's most-loved travel films.",@ExcelEntertainment
cat05_007,cat05_ai_0.25pct_topleft.jpg,cat05,cat05_znmd,ai_labeled,True,0.25,topleft,text,none,ideogram.ai,"Three friends run with the bulls through the streets of Pamplona, Spain. A still from Zindagi Na Milegi Dobara — one of Bollywood's most-loved travel films.",@ExcelEntertainment
cat05_008,cat05_ai_0.25pct_topright.jpg,cat05,cat05_znmd,ai_labeled,True,0.25,topright,text,none,ideogram.ai,"Three friends run with the bulls through the streets of Pamplona, Spain. A still from Zindagi Na Milegi Dobara — one of Bollywood's most-loved travel films.",@ExcelEntertainment
cat05_009,cat05_ai_0.25pct_bottomleft.jpg,cat05,cat05_znmd,ai_labeled,True,0.25,bottomleft,text,none,ideogram.ai,"Three friends run with the bulls through the streets of Pamplona, Spain. A still from Zindagi Na Milegi Dobara — one of Bollywood's most-loved travel films.",@ExcelEntertainment
cat05_010,cat05_ai_0.25pct_bottomright.jpg,cat05,cat05_znmd,ai_labeled,True,0.25,bottomright,text,none,ideogram.ai,"Three friends run with the bulls through the streets of Pamplona, Spain. A still from Zindagi Na Milegi Dobara — one of Bollywood's most-loved travel films.",@ExcelEntertainment
cat05_011,cat05_ai_0.5pct_topleft.jpg,cat05,cat05_znmd,ai_labeled,True,0.5,topleft,text,none,ideogram.ai,"Three friends run with the bulls through the streets of Pamplona, Spain. A still from Zindagi Na Milegi Dobara — one of Bollywood's most-loved travel films.",@ExcelEntertainment
cat05_012,cat05_ai_0.5pct_topright.jpg,cat05,cat05_znmd,ai_labeled,True,0.5,topright,text,none,ideogram.ai,"Three friends run with the bulls through the streets of Pamplona, Spain. A still from Zindagi Na Milegi Dobara — one of Bollywood's most-loved travel films.",@ExcelEntertainment
cat05_013,cat05_ai_0.5pct_bottomleft.jpg,cat05,cat05_znmd,ai_labeled,True,0.5,bottomleft,text,none,ideogram.ai,"Three friends run with the bulls through the streets of Pamplona, Spain. A still from Zindagi Na Milegi Dobara — one of Bollywood's most-loved travel films.",@ExcelEntertainment
cat05_014,cat05_ai_0.5pct_bottomright.jpg,cat05,cat05_znmd,ai_labeled,True,0.5,bottomright,text,none,ideogram.ai,"Three friends run with the bulls through the streets of Pamplona, Spain. A still from Zindagi Na Milegi Dobara — one of Bollywood's most-loved travel films.",@ExcelEntertainment
cat05_015,cat05_ai_1pct_topleft.jpg,cat05,cat05_znmd,ai_labeled,True,1.0,topleft,text,none,ideogram.ai,"Three friends run with the bulls through the streets of Pamplona, Spain. A still from Zindagi Na Milegi Dobara — one of Bollywood's most-loved travel films.",@ExcelEntertainment
cat05_016,cat05_ai_1pct_topright.jpg,cat05,cat05_znmd,ai_labeled,True,1.0,topright,text,none,ideogram.ai,"Three friends run with the bulls through the streets of Pamplona, Spain. A still from Zindagi Na Milegi Dobara — one of Bollywood's most-loved travel films.",@ExcelEntertainment
cat05_017,cat05_ai_1pct_bottomleft.jpg,cat05,cat05_znmd,ai_labeled,True,1.0,bottomleft,text,none,ideogram.ai,"Three friends run with the bulls through the streets of Pamplona, Spain. A still from Zindagi Na Milegi Dobara — one of Bollywood's most-loved travel films.",@ExcelEntertainment
cat05_018,cat05_ai_1pct_bottomright.jpg,cat05,cat05_znmd,ai_labeled,True,1.0,bottomright,text,none,ideogram.ai,"Three friends run with the bulls through the streets of Pamplona, Spain. A still from Zindagi Na Milegi Dobara — one of Bollywood's most-loved travel films.",@ExcelEntertainment
cat05_019,cat05_ai_1.5pct_topleft.jpg,cat05,cat05_znmd,ai_labeled,True,1.5,topleft,text,none,ideogram.ai,"Three friends run with the bulls through the streets of Pamplona, Spain. A still from Zindagi Na Milegi Dobara — one of Bollywood's most-loved travel films.",@ExcelEntertainment
cat05_020,cat05_ai_1.5pct_topright.jpg,cat05,cat05_znmd,ai_labeled,True,1.5,topright,text,none,ideogram.ai,"Three friends run with the bulls through the streets of Pamplona, Spain. A still from Zindagi Na Milegi Dobara — one of Bollywood's most-loved travel films.",@ExcelEntertainment
cat05_021,cat05_ai_1.5pct_bottomleft.jpg,cat05,cat05_znmd,ai_labeled,True,1.5,bottomleft,text,none,ideogram.ai,"Three friends run with the bulls through the streets of Pamplona, Spain. A still from Zindagi Na Milegi Dobara — one of Bollywood's most-loved travel films.",@ExcelEntertainment
cat05_022,cat05_ai_1.5pct_bottomright.jpg,cat05,cat05_znmd,ai_labeled,True,1.5,bottomright,text,none,ideogram.ai,"Three friends run with the bulls through the streets of Pamplona, Spain. A still from Zindagi Na Milegi Dobara — one of Bollywood's most-loved travel films.",@ExcelEntertainment
cat06_001,cat06_real.jpg,cat06,cat06_hockey,real,False,0,none,none,https://www.pexels.com/search/field-hockey-team/,ideogram.ai,A field hockey team heads out for training under the golden evening light. Youth sports programs across the country are seeing record enrolment this season.,@SportsIndia
cat06_002,cat06_ai_nolabel.jpg,cat06,cat06_hockey,ai,True,0,none,none,none,ideogram.ai,A field hockey team heads out for training under the golden evening light. Youth sports programs across the country are seeing record enrolment this season.,@SportsIndia
cat06_003,cat06_ai_0.1pct_topleft.jpg,cat06,cat06_hockey,ai_labeled,True,0.1,topleft,text,none,ideogram.ai,A field hockey team heads out for training under the golden evening light. Youth sports programs across the country are seeing record enrolment this season.,@SportsIndia
cat06_004,cat06_ai_0.1pct_topright.jpg,cat06,cat06_hockey,ai_labeled,True,0.1,topright,text,none,ideogram.ai,A field hockey team heads out for training under the golden evening light. Youth sports programs across the country are seeing record enrolment this season.,@SportsIndia
cat06_005,cat06_ai_0.1pct_bottomleft.jpg,cat06,cat06_hockey,ai_labeled,True,0.1,bottomleft,text,none,ideogram.ai,A field hockey team heads out for training under the golden evening light. Youth sports programs across the country are seeing record enrolment this season.,@SportsIndia
cat06_006,cat06_ai_0.1pct_bottomright.jpg,cat06,cat06_hockey,ai_labeled,True,0.1,bottomright,text,none,ideogram.ai,A field hockey team heads out for training under the golden evening light. Youth sports programs across the country are seeing record enrolment this season.,@SportsIndia
cat06_007,cat06_ai_0.25pct_topleft.jpg,cat06,cat06_hockey,ai_labeled,True,0.25,topleft,text,none,ideogram.ai,A field hockey team heads out for training under the golden evening light. Youth sports programs across the country are seeing record enrolment this season.,@SportsIndia
cat06_008,cat06_ai_0.25pct_topright.jpg,cat06,cat06_hockey,ai_labeled,True,0.25,topright,text,none,ideogram.ai,A field hockey team heads out for training under the golden evening light. Youth sports programs across the country are seeing record enrolment this season.,@SportsIndia
cat06_009,cat06_ai_0.25pct_bottomleft.jpg,cat06,cat06_hockey,ai_labeled,True,0.25,bottomleft,text,none,ideogram.ai,A field hockey team heads out for training under the golden evening light. Youth sports programs across the country are seeing record enrolment this season.,@SportsIndia
cat06_010,cat06_ai_0.25pct_bottomright.jpg,cat06,cat06_hockey,ai_labeled,True,0.25,bottomright,text,none,ideogram.ai,A field hockey team heads out for training under the golden evening light. Youth sports programs across the country are seeing record enrolment this season.,@SportsIndia
cat06_011,cat06_ai_0.5pct_topleft.jpg,cat06,cat06_hockey,ai_labeled,True,0.5,topleft,text,none,ideogram.ai,A field hockey team heads out for training under the golden evening light. Youth sports programs across the country are seeing record enrolment this season.,@SportsIndia
cat06_012,cat06_ai_0.5pct_topright.jpg,cat06,cat06_hockey,ai_labeled,True,0.5,topright,text,none,ideogram.ai,A field hockey team heads out for training under the golden evening light. Youth sports programs across the country are seeing record enrolment this season.,@SportsIndia
cat06_013,cat06_ai_0.5pct_bottomleft.jpg,cat06,cat06_hockey,ai_labeled,True,0.5,bottomleft,text,none,ideogram.ai,A field hockey team heads out for training under the golden evening light. Youth sports programs across the country are seeing record enrolment this season.,@SportsIndia
cat06_014,cat06_ai_0.5pct_bottomright.jpg,cat06,cat06_hockey,ai_labeled,True,0.5,bottomright,text,none,ideogram.ai,A field hockey team heads out for training under the golden evening light. Youth sports programs across the country are seeing record enrolment this season.,@SportsIndia
cat06_015,cat06_ai_1pct_topleft.jpg,cat06,cat06_hockey,ai_labeled,True,1.0,topleft,text,none,ideogram.ai,A field hockey team heads out for training under the golden evening light. Youth sports programs across the country are seeing record enrolment this season.,@SportsIndia
cat06_016,cat06_ai_1pct_topright.jpg,cat06,cat06_hockey,ai_labeled,True,1.0,topright,text,none,ideogram.ai,A field hockey team heads out for training under the golden evening light. Youth sports programs across the country are seeing record enrolment this season.,@SportsIndia
cat06_017,cat06_ai_1pct_bottomleft.jpg,cat06,cat06_hockey,ai_labeled,True,1.0,bottomleft,text,none,ideogram.ai,A field hockey team heads out for training under the golden evening light. Youth sports programs across the country are seeing record enrolment this season.,@SportsIndia
cat06_018,cat06_ai_1pct_bottomright.jpg,cat06,cat06_hockey,ai_labeled,True,1.0,bottomright,text,none,ideogram.ai,A field hockey team heads out for training under the golden evening light. Youth sports programs across the country are seeing record enrolment this season.,@SportsIndia
cat06_019,cat06_ai_1.5pct_topleft.jpg,cat06,cat06_hockey,ai_labeled,True,1.5,topleft,text,none,ideogram.ai,A field hockey team heads out for training under the golden evening light. Youth sports programs across the country are seeing record enrolment this season.,@SportsIndia
cat06_020,cat06_ai_1.5pct_topright.jpg,cat06,cat06_hockey,ai_labeled,True,1.5,topright,text,none,ideogram.ai,A field hockey team heads out for training under the golden evening light. Youth sports programs across the country are seeing record enrolment this season.,@SportsIndia
cat06_021,cat06_ai_1.5pct_bottomleft.jpg,cat06,cat06_hockey,ai_labeled,True,1.5,bottomleft,text,none,ideogram.ai,A field hockey team heads out for training under the golden evening light. Youth sports programs across the country are seeing record enrolment this season.,@SportsIndia
cat06_022,cat06_ai_1.5pct_bottomright.jpg,cat06,cat06_hockey,ai_labeled,True,1.5,bottomright,text,none,ideogram.ai,A field hockey team heads out for training under the golden evening light. Youth sports programs across the country are seeing record enrolment this season.,@SportsIndia
cat07_001,cat07_real.jpg,cat07,cat07_antarctica,real,False,0,none,none,https://commons.wikimedia.org/wiki/Category:Japanese_Antarctic_Expedition,ideogram.ai,"The Japanese Antarctic Research Expedition team assembles at Showa Station — one of the most remote research outposts on Earth, operating since 1957.",@NIPR_Japan
cat07_002,cat07_ai_nolabel.jpg,cat07,cat07_antarctica,ai,True,0,none,none,none,ideogram.ai,"The Japanese Antarctic Research Expedition team assembles at Showa Station — one of the most remote research outposts on Earth, operating since 1957.",@NIPR_Japan
cat07_003,cat07_ai_0.1pct_topleft.jpg,cat07,cat07_antarctica,ai_labeled,True,0.1,topleft,text,none,ideogram.ai,"The Japanese Antarctic Research Expedition team assembles at Showa Station — one of the most remote research outposts on Earth, operating since 1957.",@NIPR_Japan
cat07_004,cat07_ai_0.1pct_topright.jpg,cat07,cat07_antarctica,ai_labeled,True,0.1,topright,text,none,ideogram.ai,"The Japanese Antarctic Research Expedition team assembles at Showa Station — one of the most remote research outposts on Earth, operating since 1957.",@NIPR_Japan
cat07_005,cat07_ai_0.1pct_bottomleft.jpg,cat07,cat07_antarctica,ai_labeled,True,0.1,bottomleft,text,none,ideogram.ai,"The Japanese Antarctic Research Expedition team assembles at Showa Station — one of the most remote research outposts on Earth, operating since 1957.",@NIPR_Japan
cat07_006,cat07_ai_0.1pct_bottomright.jpg,cat07,cat07_antarctica,ai_labeled,True,0.1,bottomright,text,none,ideogram.ai,"The Japanese Antarctic Research Expedition team assembles at Showa Station — one of the most remote research outposts on Earth, operating since 1957.",@NIPR_Japan
cat07_007,cat07_ai_0.25pct_topleft.jpg,cat07,cat07_antarctica,ai_labeled,True,0.25,topleft,text,none,ideogram.ai,"The Japanese Antarctic Research Expedition team assembles at Showa Station — one of the most remote research outposts on Earth, operating since 1957.",@NIPR_Japan
cat07_008,cat07_ai_0.25pct_topright.jpg,cat07,cat07_antarctica,ai_labeled,True,0.25,topright,text,none,ideogram.ai,"The Japanese Antarctic Research Expedition team assembles at Showa Station — one of the most remote research outposts on Earth, operating since 1957.",@NIPR_Japan
cat07_009,cat07_ai_0.25pct_bottomleft.jpg,cat07,cat07_antarctica,ai_labeled,True,0.25,bottomleft,text,none,ideogram.ai,"The Japanese Antarctic Research Expedition team assembles at Showa Station — one of the most remote research outposts on Earth, operating since 1957.",@NIPR_Japan
cat07_010,cat07_ai_0.25pct_bottomright.jpg,cat07,cat07_antarctica,ai_labeled,True,0.25,bottomright,text,none,ideogram.ai,"The Japanese Antarctic Research Expedition team assembles at Showa Station — one of the most remote research outposts on Earth, operating since 1957.",@NIPR_Japan
cat07_011,cat07_ai_0.5pct_topleft.jpg,cat07,cat07_antarctica,ai_labeled,True,0.5,topleft,text,none,ideogram.ai,"The Japanese Antarctic Research Expedition team assembles at Showa Station — one of the most remote research outposts on Earth, operating since 1957.",@NIPR_Japan
cat07_012,cat07_ai_0.5pct_topright.jpg,cat07,cat07_antarctica,ai_labeled,True,0.5,topright,text,none,ideogram.ai,"The Japanese Antarctic Research Expedition team assembles at Showa Station — one of the most remote research outposts on Earth, operating since 1957.",@NIPR_Japan
cat07_013,cat07_ai_0.5pct_bottomleft.jpg,cat07,cat07_antarctica,ai_labeled,True,0.5,bottomleft,text,none,ideogram.ai,"The Japanese Antarctic Research Expedition team assembles at Showa Station — one of the most remote research outposts on Earth, operating since 1957.",@NIPR_Japan
cat07_014,cat07_ai_0.5pct_bottomright.jpg,cat07,cat07_antarctica,ai_labeled,True,0.5,bottomright,text,none,ideogram.ai,"The Japanese Antarctic Research Expedition team assembles at Showa Station — one of the most remote research outposts on Earth, operating since 1957.",@NIPR_Japan
cat07_015,cat07_ai_1pct_topleft.jpg,cat07,cat07_antarctica,ai_labeled,True,1.0,topleft,text,none,ideogram.ai,"The Japanese Antarctic Research Expedition team assembles at Showa Station — one of the most remote research outposts on Earth, operating since 1957.",@NIPR_Japan
cat07_016,cat07_ai_1pct_topright.jpg,cat07,cat07_antarctica,ai_labeled,True,1.0,topright,text,none,ideogram.ai,"The Japanese Antarctic Research Expedition team assembles at Showa Station — one of the most remote research outposts on Earth, operating since 1957.",@NIPR_Japan
cat07_017,cat07_ai_1pct_bottomleft.jpg,cat07,cat07_antarctica,ai_labeled,True,1.0,bottomleft,text,none,ideogram.ai,"The Japanese Antarctic Research Expedition team assembles at Showa Station — one of the most remote research outposts on Earth, operating since 1957.",@NIPR_Japan
cat07_018,cat07_ai_1pct_bottomright.jpg,cat07,cat07_antarctica,ai_labeled,True,1.0,bottomright,text,none,ideogram.ai,"The Japanese Antarctic Research Expedition team assembles at Showa Station — one of the most remote research outposts on Earth, operating since 1957.",@NIPR_Japan
cat07_019,cat07_ai_1.5pct_topleft.jpg,cat07,cat07_antarctica,ai_labeled,True,1.5,topleft,text,none,ideogram.ai,"The Japanese Antarctic Research Expedition team assembles at Showa Station — one of the most remote research outposts on Earth, operating since 1957.",@NIPR_Japan
cat07_020,cat07_ai_1.5pct_topright.jpg,cat07,cat07_antarctica,ai_labeled,True,1.5,topright,text,none,ideogram.ai,"The Japanese Antarctic Research Expedition team assembles at Showa Station — one of the most remote research outposts on Earth, operating since 1957.",@NIPR_Japan
cat07_021,cat07_ai_1.5pct_bottomleft.jpg,cat07,cat07_antarctica,ai_labeled,True,1.5,bottomleft,text,none,ideogram.ai,"The Japanese Antarctic Research Expedition team assembles at Showa Station — one of the most remote research outposts on Earth, operating since 1957.",@NIPR_Japan
cat07_022,cat07_ai_1.5pct_bottomright.jpg,cat07,cat07_antarctica,ai_labeled,True,1.5,bottomright,text,none,ideogram.ai,"The Japanese Antarctic Research Expedition team assembles at Showa Station — one of the most remote research outposts on Earth, operating since 1957.",@NIPR_Japan
cat08_001,cat08_real.jpg,cat08,cat08_womens_cricket_wc,real,False,0,none,none,https://www.icc-cricket.com/tournaments/womens-cricket-worldcup-2025/news/icc-women-s-cricket-world-cup-2025-sets-unprecedented-global-digital-engagement-records,ideogram.ai,"India Women lift the ICC Cricket World Cup 2025 — Champions 2025. Harmanpreet Kaur's side defeated South Africa by 52 runs in the final at the MCG, Mumbai.",@ICC
cat08_002,cat08_ai_nolabel.jpg,cat08,cat08_womens_cricket_wc,ai,True,0,none,none,none,ideogram.ai,"India Women lift the ICC Cricket World Cup 2025 — Champions 2025. Harmanpreet Kaur's side defeated South Africa by 52 runs in the final at the MCG, Mumbai.",@ICC
cat08_003,cat08_ai_0.1pct_topleft.jpg,cat08,cat08_womens_cricket_wc,ai_labeled,True,0.1,topleft,text,none,ideogram.ai,"India Women lift the ICC Cricket World Cup 2025 — Champions 2025. Harmanpreet Kaur's side defeated South Africa by 52 runs in the final at the MCG, Mumbai.",@ICC
cat08_004,cat08_ai_0.1pct_topright.jpg,cat08,cat08_womens_cricket_wc,ai_labeled,True,0.1,topright,text,none,ideogram.ai,"India Women lift the ICC Cricket World Cup 2025 — Champions 2025. Harmanpreet Kaur's side defeated South Africa by 52 runs in the final at the MCG, Mumbai.",@ICC
cat08_005,cat08_ai_0.1pct_bottomleft.jpg,cat08,cat08_womens_cricket_wc,ai_labeled,True,0.1,bottomleft,text,none,ideogram.ai,"India Women lift the ICC Cricket World Cup 2025 — Champions 2025. Harmanpreet Kaur's side defeated South Africa by 52 runs in the final at the MCG, Mumbai.",@ICC
cat08_006,cat08_ai_0.1pct_bottomright.jpg,cat08,cat08_womens_cricket_wc,ai_labeled,True,0.1,bottomright,text,none,ideogram.ai,"India Women lift the ICC Cricket World Cup 2025 — Champions 2025. Harmanpreet Kaur's side defeated South Africa by 52 runs in the final at the MCG, Mumbai.",@ICC
cat08_007,cat08_ai_0.25pct_topleft.jpg,cat08,cat08_womens_cricket_wc,ai_labeled,True,0.25,topleft,text,none,ideogram.ai,"India Women lift the ICC Cricket World Cup 2025 — Champions 2025. Harmanpreet Kaur's side defeated South Africa by 52 runs in the final at the MCG, Mumbai.",@ICC
cat08_008,cat08_ai_0.25pct_topright.jpg,cat08,cat08_womens_cricket_wc,ai_labeled,True,0.25,topright,text,none,ideogram.ai,"India Women lift the ICC Cricket World Cup 2025 — Champions 2025. Harmanpreet Kaur's side defeated South Africa by 52 runs in the final at the MCG, Mumbai.",@ICC
cat08_009,cat08_ai_0.25pct_bottomleft.jpg,cat08,cat08_womens_cricket_wc,ai_labeled,True,0.25,bottomleft,text,none,ideogram.ai,"India Women lift the ICC Cricket World Cup 2025 — Champions 2025. Harmanpreet Kaur's side defeated South Africa by 52 runs in the final at the MCG, Mumbai.",@ICC
cat08_010,cat08_ai_0.25pct_bottomright.jpg,cat08,cat08_womens_cricket_wc,ai_labeled,True,0.25,bottomright,text,none,ideogram.ai,"India Women lift the ICC Cricket World Cup 2025 — Champions 2025. Harmanpreet Kaur's side defeated South Africa by 52 runs in the final at the MCG, Mumbai.",@ICC
cat08_011,cat08_ai_0.5pct_topleft.jpg,cat08,cat08_womens_cricket_wc,ai_labeled,True,0.5,topleft,text,none,ideogram.ai,"India Women lift the ICC Cricket World Cup 2025 — Champions 2025. Harmanpreet Kaur's side defeated South Africa by 52 runs in the final at the MCG, Mumbai.",@ICC
cat08_012,cat08_ai_0.5pct_topright.jpg,cat08,cat08_womens_cricket_wc,ai_labeled,True,0.5,topright,text,none,ideogram.ai,"India Women lift the ICC Cricket World Cup 2025 — Champions 2025. Harmanpreet Kaur's side defeated South Africa by 52 runs in the final at the MCG, Mumbai.",@ICC
cat08_013,cat08_ai_0.5pct_bottomleft.jpg,cat08,cat08_womens_cricket_wc,ai_labeled,True,0.5,bottomleft,text,none,ideogram.ai,"India Women lift the ICC Cricket World Cup 2025 — Champions 2025. Harmanpreet Kaur's side defeated South Africa by 52 runs in the final at the MCG, Mumbai.",@ICC
cat08_014,cat08_ai_0.5pct_bottomright.jpg,cat08,cat08_womens_cricket_wc,ai_labeled,True,0.5,bottomright,text,none,ideogram.ai,"India Women lift the ICC Cricket World Cup 2025 — Champions 2025. Harmanpreet Kaur's side defeated South Africa by 52 runs in the final at the MCG, Mumbai.",@ICC
cat08_015,cat08_ai_1pct_topleft.jpg,cat08,cat08_womens_cricket_wc,ai_labeled,True,1.0,topleft,text,none,ideogram.ai,"India Women lift the ICC Cricket World Cup 2025 — Champions 2025. Harmanpreet Kaur's side defeated South Africa by 52 runs in the final at the MCG, Mumbai.",@ICC
cat08_016,cat08_ai_1pct_topright.jpg,cat08,cat08_womens_cricket_wc,ai_labeled,True,1.0,topright,text,none,ideogram.ai,"India Women lift the ICC Cricket World Cup 2025 — Champions 2025. Harmanpreet Kaur's side defeated South Africa by 52 runs in the final at the MCG, Mumbai.",@ICC
cat08_017,cat08_ai_1pct_bottomleft.jpg,cat08,cat08_womens_cricket_wc,ai_labeled,True,1.0,bottomleft,text,none,ideogram.ai,"India Women lift the ICC Cricket World Cup 2025 — Champions 2025. Harmanpreet Kaur's side defeated South Africa by 52 runs in the final at the MCG, Mumbai.",@ICC
cat08_018,cat08_ai_1pct_bottomright.jpg,cat08,cat08_womens_cricket_wc,ai_labeled,True,1.0,bottomright,text,none,ideogram.ai,"India Women lift the ICC Cricket World Cup 2025 — Champions 2025. Harmanpreet Kaur's side defeated South Africa by 52 runs in the final at the MCG, Mumbai.",@ICC
cat08_019,cat08_ai_1.5pct_topleft.jpg,cat08,cat08_womens_cricket_wc,ai_labeled,True,1.5,topleft,text,none,ideogram.ai,"India Women lift the ICC Cricket World Cup 2025 — Champions 2025. Harmanpreet Kaur's side defeated South Africa by 52 runs in the final at the MCG, Mumbai.",@ICC
cat08_020,cat08_ai_1.5pct_topright.jpg,cat08,cat08_womens_cricket_wc,ai_labeled,True,1.5,topright,text,none,ideogram.ai,"India Women lift the ICC Cricket World Cup 2025 — Champions 2025. Harmanpreet Kaur's side defeated South Africa by 52 runs in the final at the MCG, Mumbai.",@ICC
cat08_021,cat08_ai_1.5pct_bottomleft.jpg,cat08,cat08_womens_cricket_wc,ai_labeled,True,1.5,bottomleft,text,none,ideogram.ai,"India Women lift the ICC Cricket World Cup 2025 — Champions 2025. Harmanpreet Kaur's side defeated South Africa by 52 runs in the final at the MCG, Mumbai.",@ICC
cat08_022,cat08_ai_1.5pct_bottomright.jpg,cat08,cat08_womens_cricket_wc,ai_labeled,True,1.5,bottomright,text,none,ideogram.ai,"India Women lift the ICC Cricket World Cup 2025 — Champions 2025. Harmanpreet Kaur's side defeated South Africa by 52 runs in the final at the MCG, Mumbai.",@ICC
cat09_001,cat09_real.jpg,cat09,cat09_sciencelab,real,False,0,none,none,https://unsplash.com/s/photos/research-team,ideogram.ai,Researchers review findings in the lab. A growing body of work from this team is investigating early detection methods that could change outcomes for millions of patients.,@NIH_Research
cat09_002,cat09_ai_nolabel.jpg,cat09,cat09_sciencelab,ai,True,0,none,none,none,ideogram.ai,Researchers review findings in the lab. A growing body of work from this team is investigating early detection methods that could change outcomes for millions of patients.,@NIH_Research
cat09_003,cat09_ai_0.1pct_topleft.jpg,cat09,cat09_sciencelab,ai_labeled,True,0.1,topleft,text,none,ideogram.ai,Researchers review findings in the lab. A growing body of work from this team is investigating early detection methods that could change outcomes for millions of patients.,@NIH_Research
cat09_004,cat09_ai_0.1pct_topright.jpg,cat09,cat09_sciencelab,ai_labeled,True,0.1,topright,text,none,ideogram.ai,Researchers review findings in the lab. A growing body of work from this team is investigating early detection methods that could change outcomes for millions of patients.,@NIH_Research
cat09_005,cat09_ai_0.1pct_bottomleft.jpg,cat09,cat09_sciencelab,ai_labeled,True,0.1,bottomleft,text,none,ideogram.ai,Researchers review findings in the lab. A growing body of work from this team is investigating early detection methods that could change outcomes for millions of patients.,@NIH_Research
cat09_006,cat09_ai_0.1pct_bottomright.jpg,cat09,cat09_sciencelab,ai_labeled,True,0.1,bottomright,text,none,ideogram.ai,Researchers review findings in the lab. A growing body of work from this team is investigating early detection methods that could change outcomes for millions of patients.,@NIH_Research
cat09_007,cat09_ai_0.25pct_topleft.jpg,cat09,cat09_sciencelab,ai_labeled,True,0.25,topleft,text,none,ideogram.ai,Researchers review findings in the lab. A growing body of work from this team is investigating early detection methods that could change outcomes for millions of patients.,@NIH_Research
cat09_008,cat09_ai_0.25pct_topright.jpg,cat09,cat09_sciencelab,ai_labeled,True,0.25,topright,text,none,ideogram.ai,Researchers review findings in the lab. A growing body of work from this team is investigating early detection methods that could change outcomes for millions of patients.,@NIH_Research
cat09_009,cat09_ai_0.25pct_bottomleft.jpg,cat09,cat09_sciencelab,ai_labeled,True,0.25,bottomleft,text,none,ideogram.ai,Researchers review findings in the lab. A growing body of work from this team is investigating early detection methods that could change outcomes for millions of patients.,@NIH_Research
cat09_010,cat09_ai_0.25pct_bottomright.jpg,cat09,cat09_sciencelab,ai_labeled,True,0.25,bottomright,text,none,ideogram.ai,Researchers review findings in the lab. A growing body of work from this team is investigating early detection methods that could change outcomes for millions of patients.,@NIH_Research
cat09_011,cat09_ai_0.5pct_topleft.jpg,cat09,cat09_sciencelab,ai_labeled,True,0.5,topleft,text,none,ideogram.ai,Researchers review findings in the lab. A growing body of work from this team is investigating early detection methods that could change outcomes for millions of patients.,@NIH_Research
cat09_012,cat09_ai_0.5pct_topright.jpg,cat09,cat09_sciencelab,ai_labeled,True,0.5,topright,text,none,ideogram.ai,Researchers review findings in the lab. A growing body of work from this team is investigating early detection methods that could change outcomes for millions of patients.,@NIH_Research
cat09_013,cat09_ai_0.5pct_bottomleft.jpg,cat09,cat09_sciencelab,ai_labeled,True,0.5,bottomleft,text,none,ideogram.ai,Researchers review findings in the lab. A growing body of work from this team is investigating early detection methods that could change outcomes for millions of patients.,@NIH_Research
cat09_014,cat09_ai_0.5pct_bottomright.jpg,cat09,cat09_sciencelab,ai_labeled,True,0.5,bottomright,text,none,ideogram.ai,Researchers review findings in the lab. A growing body of work from this team is investigating early detection methods that could change outcomes for millions of patients.,@NIH_Research
cat09_015,cat09_ai_1pct_topleft.jpg,cat09,cat09_sciencelab,ai_labeled,True,1.0,topleft,text,none,ideogram.ai,Researchers review findings in the lab. A growing body of work from this team is investigating early detection methods that could change outcomes for millions of patients.,@NIH_Research
cat09_016,cat09_ai_1pct_topright.jpg,cat09,cat09_sciencelab,ai_labeled,True,1.0,topright,text,none,ideogram.ai,Researchers review findings in the lab. A growing body of work from this team is investigating early detection methods that could change outcomes for millions of patients.,@NIH_Research
cat09_017,cat09_ai_1pct_bottomleft.jpg,cat09,cat09_sciencelab,ai_labeled,True,1.0,bottomleft,text,none,ideogram.ai,Researchers review findings in the lab. A growing body of work from this team is investigating early detection methods that could change outcomes for millions of patients.,@NIH_Research
cat09_018,cat09_ai_1pct_bottomright.jpg,cat09,cat09_sciencelab,ai_labeled,True,1.0,bottomright,text,none,ideogram.ai,Researchers review findings in the lab. A growing body of work from this team is investigating early detection methods that could change outcomes for millions of patients.,@NIH_Research
cat09_019,cat09_ai_1.5pct_topleft.jpg,cat09,cat09_sciencelab,ai_labeled,True,1.5,topleft,text,none,ideogram.ai,Researchers review findings in the lab. A growing body of work from this team is investigating early detection methods that could change outcomes for millions of patients.,@NIH_Research
cat09_020,cat09_ai_1.5pct_topright.jpg,cat09,cat09_sciencelab,ai_labeled,True,1.5,topright,text,none,ideogram.ai,Researchers review findings in the lab. A growing body of work from this team is investigating early detection methods that could change outcomes for millions of patients.,@NIH_Research
cat09_021,cat09_ai_1.5pct_bottomleft.jpg,cat09,cat09_sciencelab,ai_labeled,True,1.5,bottomleft,text,none,ideogram.ai,Researchers review findings in the lab. A growing body of work from this team is investigating early detection methods that could change outcomes for millions of patients.,@NIH_Research
cat09_022,cat09_ai_1.5pct_bottomright.jpg,cat09,cat09_sciencelab,ai_labeled,True,1.5,bottomright,text,none,ideogram.ai,Researchers review findings in the lab. A growing body of work from this team is investigating early detection methods that could change outcomes for millions of patients.,@NIH_Research
cat10_001,cat10_real.jpg,cat10,cat10_treeplanting,real,False,0,none,none,https://commons.wikimedia.org/wiki/Category:Tree_planting_in_India,ideogram.ai,Naval officers and international delegates participate in a tree planting ceremony at a naval base — marking a bilateral environmental cooperation agreement.,@IndianNavy
cat10_002,cat10_ai_nolabel.jpg,cat10,cat10_treeplanting,ai,True,0,none,none,none,ideogram.ai,Naval officers and international delegates participate in a tree planting ceremony at a naval base — marking a bilateral environmental cooperation agreement.,@IndianNavy
cat10_003,cat10_ai_0.1pct_topleft.jpg,cat10,cat10_treeplanting,ai_labeled,True,0.1,topleft,text,none,ideogram.ai,Naval officers and international delegates participate in a tree planting ceremony at a naval base — marking a bilateral environmental cooperation agreement.,@IndianNavy
cat10_004,cat10_ai_0.1pct_topright.jpg,cat10,cat10_treeplanting,ai_labeled,True,0.1,topright,text,none,ideogram.ai,Naval officers and international delegates participate in a tree planting ceremony at a naval base — marking a bilateral environmental cooperation agreement.,@IndianNavy
cat10_005,cat10_ai_0.1pct_bottomleft.jpg,cat10,cat10_treeplanting,ai_labeled,True,0.1,bottomleft,text,none,ideogram.ai,Naval officers and international delegates participate in a tree planting ceremony at a naval base — marking a bilateral environmental cooperation agreement.,@IndianNavy
cat10_006,cat10_ai_0.1pct_bottomright.jpg,cat10,cat10_treeplanting,ai_labeled,True,0.1,bottomright,text,none,ideogram.ai,Naval officers and international delegates participate in a tree planting ceremony at a naval base — marking a bilateral environmental cooperation agreement.,@IndianNavy
cat10_007,cat10_ai_0.25pct_topleft.jpg,cat10,cat10_treeplanting,ai_labeled,True,0.25,topleft,text,none,ideogram.ai,Naval officers and international delegates participate in a tree planting ceremony at a naval base — marking a bilateral environmental cooperation agreement.,@IndianNavy
cat10_008,cat10_ai_0.25pct_topright.jpg,cat10,cat10_treeplanting,ai_labeled,True,0.25,topright,text,none,ideogram.ai,Naval officers and international delegates participate in a tree planting ceremony at a naval base — marking a bilateral environmental cooperation agreement.,@IndianNavy
cat10_009,cat10_ai_0.25pct_bottomleft.jpg,cat10,cat10_treeplanting,ai_labeled,True,0.25,bottomleft,text,none,ideogram.ai,Naval officers and international delegates participate in a tree planting ceremony at a naval base — marking a bilateral environmental cooperation agreement.,@IndianNavy
cat10_010,cat10_ai_0.25pct_bottomright.jpg,cat10,cat10_treeplanting,ai_labeled,True,0.25,bottomright,text,none,ideogram.ai,Naval officers and international delegates participate in a tree planting ceremony at a naval base — marking a bilateral environmental cooperation agreement.,@IndianNavy
cat10_011,cat10_ai_0.5pct_topleft.jpg,cat10,cat10_treeplanting,ai_labeled,True,0.5,topleft,text,none,ideogram.ai,Naval officers and international delegates participate in a tree planting ceremony at a naval base — marking a bilateral environmental cooperation agreement.,@IndianNavy
cat10_012,cat10_ai_0.5pct_topright.jpg,cat10,cat10_treeplanting,ai_labeled,True,0.5,topright,text,none,ideogram.ai,Naval officers and international delegates participate in a tree planting ceremony at a naval base — marking a bilateral environmental cooperation agreement.,@IndianNavy
cat10_013,cat10_ai_0.5pct_bottomleft.jpg,cat10,cat10_treeplanting,ai_labeled,True,0.5,bottomleft,text,none,ideogram.ai,Naval officers and international delegates participate in a tree planting ceremony at a naval base — marking a bilateral environmental cooperation agreement.,@IndianNavy
cat10_014,cat10_ai_0.5pct_bottomright.jpg,cat10,cat10_treeplanting,ai_labeled,True,0.5,bottomright,text,none,ideogram.ai,Naval officers and international delegates participate in a tree planting ceremony at a naval base — marking a bilateral environmental cooperation agreement.,@IndianNavy
cat10_015,cat10_ai_1pct_topleft.jpg,cat10,cat10_treeplanting,ai_labeled,True,1.0,topleft,text,none,ideogram.ai,Naval officers and international delegates participate in a tree planting ceremony at a naval base — marking a bilateral environmental cooperation agreement.,@IndianNavy
cat10_016,cat10_ai_1pct_topright.jpg,cat10,cat10_treeplanting,ai_labeled,True,1.0,topright,text,none,ideogram.ai,Naval officers and international delegates participate in a tree planting ceremony at a naval base — marking a bilateral environmental cooperation agreement.,@IndianNavy
cat10_017,cat10_ai_1pct_bottomleft.jpg,cat10,cat10_treeplanting,ai_labeled,True,1.0,bottomleft,text,none,ideogram.ai,Naval officers and international delegates participate in a tree planting ceremony at a naval base — marking a bilateral environmental cooperation agreement.,@IndianNavy
cat10_018,cat10_ai_1pct_bottomright.jpg,cat10,cat10_treeplanting,ai_labeled,True,1.0,bottomright,text,none,ideogram.ai,Naval officers and international delegates participate in a tree planting ceremony at a naval base — marking a bilateral environmental cooperation agreement.,@IndianNavy
cat10_019,cat10_ai_1.5pct_topleft.jpg,cat10,cat10_treeplanting,ai_labeled,True,1.5,topleft,text,none,ideogram.ai,Naval officers and international delegates participate in a tree planting ceremony at a naval base — marking a bilateral environmental cooperation agreement.,@IndianNavy
cat10_020,cat10_ai_1.5pct_topright.jpg,cat10,cat10_treeplanting,ai_labeled,True,1.5,topright,text,none,ideogram.ai,Naval officers and international delegates participate in a tree planting ceremony at a naval base — marking a bilateral environmental cooperation agreement.,@IndianNavy
cat10_021,cat10_ai_1.5pct_bottomleft.jpg,cat10,cat10_treeplanting,ai_labeled,True,1.5,bottomleft,text,none,ideogram.ai,Naval officers and international delegates participate in a tree planting ceremony at a naval base — marking a bilateral environmental cooperation agreement.,@IndianNavy
cat10_022,cat10_ai_1.5pct_bottomright.jpg,cat10,cat10_treeplanting,ai_labeled,True,1.5,bottomright,text,none,ideogram.ai,Naval officers and international delegates participate in a tree planting ceremony at a naval base — marking a bilateral environmental cooperation agreement.,@IndianNavy
